{"client":"Thunder Client","collectionName":"megoldasok","dateExported":"2022-03-23T09:36:30.873Z","version":"1.1","folders":[],"requests":[{"containerId":"","sortNum":10000,"headers":[{"name":"Accept","value":"*/*"},{"name":"User-Agent","value":"Thunder Client (https://www.thunderclient.com)"},{"name":"Content-Type","value":"application/json"}],"colId":"aae920f0-5d96-412b-8cd7-e59ab4a3662f","name":"localhost:3000/api/hahu","url":"localhost:3000/api/hahu","method":"POST","modified":"2022-03-23T09:35:26.745Z","created":"2022-03-21T12:39:01.969Z","_id":"a01d0c73-46d3-41a8-a071-67d1b774c050","params":[],"body":{"type":"json","raw":"{\n    \"_id\": \"60\",\n    \"cim\": \"Valami egyedi cim 3\",\n    \"arFt\": \"23500\"\n}","form":[]},"tests":[]},{"containerId":"","sortNum":20000,"headers":[{"name":"Accept","value":"*/*"},{"name":"User-Agent","value":"Thunder Client (https://www.thunderclient.com)"}],"colId":"aae920f0-5d96-412b-8cd7-e59ab4a3662f","name":"localhost:3000/api/hahu","url":"localhost:3000/api/hahu","method":"GET","modified":"2022-03-23T09:35:32.184Z","created":"2022-03-23T09:24:29.370Z","_id":"e35650dc-5c50-4625-b4b5-26443650d629","params":[],"tests":[]},{"containerId":"","sortNum":30000,"headers":[{"name":"Accept","value":"*/*"},{"name":"User-Agent","value":"Thunder Client (https://www.thunderclient.com)"}],"colId":"aae920f0-5d96-412b-8cd7-e59ab4a3662f","name":"localhost:3000/api/hahu/55","url":"localhost:3000/api/hahu/55","method":"DELETE","modified":"2022-03-23T09:35:38.416Z","created":"2022-03-23T09:32:52.748Z","_id":"b5a31d66-3674-4be2-862b-465ac656ef8f","params":[],"tests":[]}]}
